;Scopy version,e02cebe
;Exported on,Thursday December 09/12/2021
;Device,M2K
;Nr of samples,1000
;Sample rate,0
;Tool,Network Analyzer
;Additional Information,Reference channel: 1
Sample,Frequency(Hz),Magnitude(dB),Phase(Â°)
0,25,11.9837,0.0340328
1,25.1735,11.9676,-0.0284662
2,25.3481,11.9752,-0.0793198
3,25.524,11.9727,0.00559137
4,25.7011,11.9597,-0.0246633
5,25.8794,11.9651,0.0878259
6,26.059,11.9813,0.0343473
7,26.2398,11.9655,0.0208272
8,26.4219,11.9491,0.0435264
9,26.6052,11.9763,0.00638828
10,26.7898,11.9753,0.0465962
11,26.9757,11.9787,0.0356575
12,27.1629,11.9704,-0.0490203
13,27.3514,11.9757,0.091068
14,27.5411,11.9706,0.00145578
15,27.7322,11.9711,-0.0689617
16,27.9247,11.9757,0.0310667
17,28.1184,11.9753,-0.00186328
18,28.3135,11.9678,-0.00979763
19,28.51,11.9827,-0.0875803
20,28.7078,11.972,0.0126749
21,28.907,11.9976,0.0328329
22,29.1076,11.9754,-0.00535033
23,29.3095,11.9618,-0.0716798
24,29.5129,11.9737,-0.0755958
25,29.7177,11.9645,0.0680907
26,29.9239,11.9681,-0.0156623
27,30.1315,11.9693,-0.0498633
28,30.3406,11.9762,-0.0222579
29,30.5511,11.9802,0.0432134
30,30.7631,11.9735,0.059021
31,30.9766,11.969,-0.0221329
32,31.1915,11.9563,0.015128
33,31.4079,11.9647,0.0502848
34,31.6258,11.9642,-0.0538377
35,31.8453,11.9752,-0.0217742
36,32.0662,11.9667,-0.0697319
37,32.2887,11.9674,-0.0568424
38,32.5128,11.975,-0.0665835
39,32.7384,11.9732,-0.13965
40,32.9655,11.9707,-0.0425443
41,33.1943,11.9952,-0.0929009
42,33.4246,11.9781,-0.0428182
43,33.6565,11.9546,-0.0541899
44,33.89,11.969,-0.0715214
45,34.1252,11.9748,-0.00620583
46,34.362,11.983,-0.0453903
47,34.6004,11.9754,-0.0692685
48,34.8405,11.9778,-0.0246259
49,35.0822,11.9801,-0.124965
50,35.3256,11.9606,-0.0407418
51,35.5708,11.9671,-0.0626655
52,35.8176,11.9779,-0.0355363
53,36.0661,11.9853,-0.0800874
54,36.3163,11.9842,0.0505653
55,36.5683,11.9666,-0.111586
56,36.8221,11.966,-0.0207754
57,37.0776,11.9693,-0.0643187
58,37.3348,11.9636,-0.0907736
59,37.5939,11.9774,-0.0625211
60,37.8547,11.9831,-0.12682
61,38.1174,11.9865,-0.107478
62,38.3819,11.9737,0.067841
63,38.6482,11.9666,-0.0942123
64,38.9164,11.9811,-0.0891329
65,39.1864,11.9771,-0.103391
66,39.4583,11.9906,0.0511156
67,39.7321,11.9666,-0.0176781
68,40.0078,11.9795,-0.0746715
69,40.2854,11.9824,-0.175037
70,40.5649,11.95,-0.108675
71,40.8463,11.9785,-0.0926643
72,41.1298,11.9822,-0.172276
73,41.4151,11.9516,-0.0572442
74,41.7025,11.9553,-0.0664847
75,41.9919,11.9626,-0.161295
76,42.2832,11.9456,-0.138302
77,42.5766,11.9847,-0.0885066
78,42.872,11.9742,-0.109223
79,43.1695,11.9404,-0.0423426
80,43.4691,11.9522,-0.0389099
81,43.7707,11.9482,-0.0793735
82,44.0744,11.9564,-0.0498303
83,44.3802,11.9529,-0.153844
84,44.6881,11.9755,-0.0201667
85,44.9982,11.9565,-0.0612485
86,45.3104,11.9666,-0.0778638
87,45.6248,11.9613,-0.0765417
88,45.9414,11.9801,-0.150267
89,46.2602,11.9705,-0.0676004
90,46.5812,11.9575,-0.127699
91,46.9044,11.9758,-0.0447246
92,47.2298,11.9721,-0.239533
93,47.5575,11.9605,-0.22748
94,47.8875,11.9735,-0.0849722
95,48.2198,11.9469,-0.050584
96,48.5544,11.9613,-0.157216
97,48.8913,12.0008,-0.0538569
98,49.2305,11.9727,-0.108913
99,49.5721,11.9795,-0.149682
100,49.9161,11.9548,-0.0522374
101,50.2624,11.9631,-0.135364
102,50.6112,11.9666,-0.196173
103,50.9623,11.9906,-0.0525771
104,51.3159,11.9673,-0.166479
105,51.672,11.9791,0.0020473
106,52.0305,11.9752,-0.114914
107,52.3916,11.978,-0.186657
108,52.7551,11.9645,0.077831
109,53.1211,11.9379,-0.0837194
110,53.4897,11.961,-0.208515
111,53.8609,11.95,-0.244504
112,54.2346,11.966,-0.262676
113,54.6109,11.9509,-0.145521
114,54.9898,11.9806,-0.124098
115,55.3714,11.9572,-0.350705
116,55.7556,11.9864,-0.0778117
117,56.1424,11.9837,-0.0707654
118,56.532,11.9831,-0.197122
119,56.9243,11.9874,-0.274486
120,57.3192,12.01,-0.138247
121,57.7169,11.9732,-0.2598
122,58.1174,11.9905,-0.0978233
123,58.5207,11.9772,-0.160077
124,58.9267,11.9901,-0.163082
125,59.3356,12.0028,-0.405887
126,59.7473,11.9752,-0.326925
127,60.1619,11.9676,-0.0887625
128,60.5793,11.9584,-0.245099
129,60.9997,11.9565,-0.150856
130,61.4229,11.9604,-0.21423
131,61.8491,11.9846,-0.344734
132,62.2783,11.9936,-0.228693
133,62.7104,12.0015,-0.267469
134,63.1455,11.9724,-0.00593367
135,63.5836,11.9625,-0.261379
136,64.0248,11.972,-0.132514
137,64.4691,11.9616,-0.219882
138,64.9164,11.9749,-0.160079
139,65.3668,11.9717,-0.210001
140,65.8204,11.977,-0.178639
141,66.2771,11.9784,-0.117033
142,66.737,11.9506,-0.333453
143,67.2,11.9335,-0.16736
144,67.6663,11.9736,-0.266224
145,68.1358,11.9377,-0.253963
146,68.6086,11.9985,-0.191724
147,69.0846,11.9539,-0.184716
148,69.564,11.9479,-0.163979
149,70.0467,11.9789,-0.127079
150,70.5327,11.9776,-0.234542
151,71.0221,11.9941,-0.273994
152,71.5149,11.9894,-0.257998
153,72.0111,11.975,-0.276777
154,72.5108,11.9663,-0.158294
155,73.0139,11.9859,-0.290021
156,73.5205,11.986,-0.348411
157,74.0306,11.9749,-0.2211
158,74.5443,11.9658,-0.3145
159,75.0615,11.9754,-0.139439
160,75.5824,12.0156,-0.246261
161,76.1068,11.9823,-0.525123
162,76.6349,12.0068,-0.00898775
163,77.1666,12.0033,-0.29331
164,77.7021,11.9463,-0.210897
165,78.2412,11.9604,-0.314315
166,78.7841,11.9777,-0.200728
167,79.3307,11.9755,-0.317946
168,79.8812,11.9682,-0.162449
169,80.4355,11.9762,-0.530394
170,80.9936,11.9889,0.106623
171,81.5556,12.0032,-0.312949
172,82.1214,11.9856,-0.0628748
173,82.6912,11.9875,-0.233544
174,83.265,11.9759,-0.27635
175,83.8428,11.9397,-0.199079
176,84.4245,11.9286,-0.178177
177,85.0103,12.0045,-0.390013
178,85.6002,11.9617,-0.336967
179,86.1941,11.9703,-0.359762
180,86.7922,11.964,-0.176503
181,87.3944,12.0069,-0.0649336
182,88.0008,12.0217,-0.514531
183,88.6114,11.9784,-0.294874
184,89.2262,11.9663,-0.339655
185,89.8453,11.9824,-0.0893047
186,90.4687,12.0225,-0.479124
187,91.0965,11.9606,-0.523806
188,91.7286,11.9736,-0.269095
189,92.365,11.9446,-0.436442
190,93.0059,12.0134,-0.572251
191,93.6513,11.9978,-0.437158
192,94.3011,11.9743,-0.32377
193,94.9554,12.0084,-0.272614
194,95.6142,12.0008,-0.583083
195,96.2777,11.9877,-0.325115
196,96.9457,11.99,-0.256645
197,97.6184,12.0243,-0.534915
198,98.2957,11.9965,-0.433174
199,98.9778,11.9879,-0.328152
200,99.6645,12.0178,-0.534565
201,100.356,11.9853,-0.575935
202,101.052,11.9845,-0.232607
203,101.754,11.9554,-0.137888
204,102.46,12.0011,-0.514017
205,103.171,11.9929,-0.284657
206,103.886,12.0058,-0.281151
207,104.607,11.9888,-0.53987
208,105.333,11.9752,-0.244814
209,106.064,11.9444,-0.306211
210,106.8,12.005,-0.81551
211,107.541,11.9803,-0.474873
212,108.287,11.9764,-0.534812
213,109.038,11.9915,-0.595703
214,109.795,11.9793,-0.330536
215,110.557,11.9975,-0.0312973
216,111.324,11.998,-0.644359
217,112.096,12.006,-0.285722
218,112.874,11.9977,-0.632888
219,113.657,11.9954,-0.366317
220,114.446,11.9566,-0.64887
221,115.24,11.9888,-0.594955
222,116.04,11.9723,-0.311298
223,116.845,11.9847,-0.750642
224,117.656,11.9883,-0.541151
225,118.472,11.9913,-0.00960325
226,119.294,11.9795,-0.642338
227,120.122,12.0049,-0.655381
228,120.955,11.9754,-0.729058
229,121.795,11.9759,-0.457086
230,122.64,12.0012,-0.792392
231,123.491,11.9803,-0.588028
232,124.347,11.9744,-0.595004
233,125.21,11.9836,-0.738642
234,126.079,11.9995,-0.649105
235,126.954,12.0073,-0.576305
236,127.835,11.9974,-0.312366
237,128.722,11.9656,-0.306485
238,129.615,12.0121,-0.460885
239,130.514,12.01,-0.528922
240,131.42,11.9739,-0.443229
241,132.332,12.0006,-0.537211
242,133.25,11.9748,-0.564186
243,134.174,11.9962,-0.517151
244,135.105,11.9849,-0.645303
245,136.043,11.9908,-0.550136
246,136.987,11.9179,-0.374997
247,137.937,12.0626,-0.607091
248,138.894,11.9406,-0.734746
249,139.858,11.9841,-0.611515
250,140.829,12.0024,-0.58108
251,141.806,11.986,-0.557813
252,142.79,11.9975,-0.581384
253,143.78,11.988,-0.523403
254,144.778,11.9976,-0.609982
255,145.783,11.9791,-0.612313
256,146.794,11.9766,-0.470316
257,147.813,11.9768,-0.5099
258,148.838,12.0242,-0.47457
259,149.871,11.9856,-0.821537
260,150.911,12.0016,-0.354998
261,151.958,12.024,-0.401298
262,153.012,12.0521,-0.395292
263,154.074,12.0671,-0.401636
264,155.143,11.9337,-1.02471
265,156.22,12.0037,-0.651421
266,157.304,11.995,-0.71511
267,158.395,11.9606,-0.682417
268,159.494,12.0147,-0.569354
269,160.601,11.9655,-0.469337
270,161.715,11.985,-1.02703
271,162.837,11.932,-0.306198
272,163.967,11.9206,-0.317879
273,165.105,12.0102,-0.594436
274,166.25,11.9608,-0.649676
275,167.404,11.9969,-0.961971
276,168.566,12.0671,-0.820885
277,169.735,12.0769,-1.002
278,170.913,11.9968,-0.690589
279,172.099,11.9951,-0.942755
280,173.293,12.0425,-0.507493
281,174.495,11.9465,-0.57915
282,175.706,12.0888,-0.430899
283,176.925,11.9111,-0.918023
284,178.153,12.0295,-0.55766
285,179.389,11.9969,-0.99969
286,180.634,11.9706,-0.418678
287,181.887,11.8615,-0.156076
288,183.149,12.0268,-0.957399
289,184.42,11.9566,-0.610956
290,185.7,11.9466,-0.66537
291,186.988,12.1135,-0.81419
292,188.286,12.023,-0.737613
293,189.592,12.066,-0.829955
294,190.907,11.9542,-0.344997
295,192.232,11.967,-0.834599
296,193.566,12.0329,-0.959153
297,194.909,12.0626,-0.781293
298,196.261,11.9275,-0.978471
299,197.623,12.0235,-0.858649
300,198.994,12.0461,-0.839469
301,200.375,12.006,-0.318486
302,201.766,12.0169,-1.05439
303,203.165,11.9596,-0.742691
304,204.575,12.0705,-0.505816
305,205.995,12.0065,-0.940477
306,207.424,11.9893,-0.601318
307,208.863,12.0551,-1.31469
308,210.312,12.0173,-0.868356
309,211.772,11.9743,-0.990422
310,213.241,12.0802,-0.554479
311,214.721,12.0108,-1.02673
312,216.211,11.9822,-1.22489
313,217.711,11.896,-0.816268
314,219.221,12.0346,-1.02288
315,220.742,11.9916,-1.48682
316,222.274,12.0183,-0.206359
317,223.816,12.0315,-1.26291
318,225.369,11.9791,-0.400867
319,226.933,12.0172,-1.17633
320,228.508,11.9603,-0.632311
321,230.093,11.9219,-0.607007
322,231.69,12.0439,-1.08758
323,233.297,11.9457,-0.81334
324,234.916,12.0147,-1.24665
325,236.546,12.0769,-0.871252
326,238.188,12.0638,-1.94581
327,239.84,12.0345,-1.3209
328,241.504,12.0372,-0.265142
329,243.18,12.0119,-1.38755
330,244.867,11.9629,-0.851894
331,246.566,12.0407,-1.22471
332,248.277,11.9703,-0.931398
333,250,12.0041,-1.22678
334,251.735,12.0193,-0.756588
335,253.481,11.9955,-1.92795
336,255.24,11.9847,-1.46438
337,257.011,12.057,-0.478793
338,258.794,12.0418,-1.4073
339,260.59,12.1218,-0.843868
340,262.398,12.0261,-1.34384
341,264.219,12.0469,-0.627236
342,266.052,12.0261,-1.2629
343,267.898,12.0273,-1.90637
344,269.757,12.0328,-1.4618
345,271.629,12.1149,-1.34083
346,273.514,12.0478,-1.3287
347,275.411,11.9916,-0.765783
348,277.322,12.0281,-1.41592
349,279.247,12.0857,-0.758582
350,281.184,12.0461,-1.49383
351,283.135,12.0798,-0.811693
352,285.1,12.0336,-1.34802
353,287.078,11.991,-1.95427
354,289.07,12.0277,-1.49143
355,291.076,12.0476,-2.00281
356,293.095,12.0206,-1.53181
357,295.129,11.9239,-1.34719
358,297.177,12.0222,-1.63647
359,299.239,12.0401,-0.593278
360,301.315,12.0185,-1.62382
361,303.406,12.1455,-2.09374
362,305.511,11.9902,-1.81192
363,307.631,12.0556,-1.48488
364,309.766,11.9864,-1.09379
365,311.915,12.0458,-1.65098
366,314.079,11.9592,-1.15466
367,316.258,12.0329,-1.66566
368,318.453,12.0732,-2.43361
369,320.662,12.0128,-1.40629
370,322.887,12.2163,-1.76091
371,325.128,11.9704,-1.50771
372,327.384,12.0358,-1.59068
373,329.655,12.0858,-2.45283
374,331.943,12.0164,-1.64128
375,334.246,11.9182,-2.0057
376,336.565,11.9789,-1.57371
377,338.9,12.0525,-1.87143
378,341.252,12.1282,-1.13751
379,343.62,12.0225,-1.69441
380,346.004,12.0301,-2.76182
381,348.405,11.9897,-1.61903
382,350.822,12.0648,-1.81198
383,353.256,12.1907,-1.7551
384,355.708,12.0165,-1.75248
385,358.176,11.9234,-2.53119
386,360.661,12.0194,-1.33647
387,363.163,12.0324,-1.89389
388,365.683,11.956,-1.22829
389,368.221,12.041,-1.5996
390,370.776,12.0207,-0.892864
391,373.348,11.9726,-1.49286
392,375.939,12.0369,-1.93062
393,378.547,12.1101,-2.94813
394,381.174,12.0458,-1.3966
395,383.819,12.0691,-2.09611
396,386.482,12.0428,-1.06786
397,389.164,12.0763,-1.63941
398,391.864,12.054,-2.1034
399,394.583,12.1027,-3.0187
400,397.321,12.0561,-1.68516
401,400.078,11.8406,-1.91857
402,402.854,12.0806,-1.19288
403,405.649,12.0872,-1.85938
404,408.463,11.9048,-3.19403
405,411.298,12.0985,-1.22084
406,414.151,12.1002,-2.03467
407,417.025,12.0708,-1.13058
408,419.919,12.1203,-1.61763
409,422.832,12.1267,-2.24423
410,425.766,12.1537,-3.68876
411,428.72,12.1752,-1.75491
412,431.695,12.1572,-2.53343
413,434.691,12.0794,-2.67304
414,437.707,12.1216,-1.38819
415,440.744,12.1449,-2.41657
416,443.802,12.083,-2.65267
417,446.881,12.017,-1.45111
418,449.982,12.1749,-2.60599
419,453.104,12.1205,-2.46815
420,456.248,12.026,-3.90628
421,459.414,12.2081,-2.74626
422,462.602,12.1173,-2.85915
423,465.812,11.9179,-3.99486
424,469.044,12.2268,-2.83102
425,472.298,12.1447,-3.16755
426,475.575,12.0664,-2.87564
427,478.875,11.8843,-3.49905
428,482.198,12.1144,-3.44442
429,485.544,12.1048,-3.30108
430,488.913,11.8642,-2.21645
431,492.305,12.1713,-3.69206
432,495.721,12.0724,-3.50504
433,499.161,12.0623,-3.21741
434,502.624,11.8457,-2.87567
435,506.112,12.1474,-3.77378
436,509.623,12.0896,-3.51803
437,513.159,11.8579,-3.21991
438,516.72,12.2034,-3.83726
439,520.305,12.1109,-3.93867
440,523.916,12.0645,-3.49223
441,527.551,11.9987,-4.53353
442,531.211,12.1129,-4.32331
443,534.897,12.0768,-4.06043
444,538.609,12.0361,-3.63913
445,542.346,11.9358,-2.34143
446,546.109,12.0681,-4.53877
447,549.898,12.0494,-4.17666
448,553.714,12.0261,-3.71615
449,557.556,11.9389,-2.55702
450,561.424,11.9772,-4.64676
451,565.32,11.9594,-4.11368
452,569.243,12.0231,-3.95661
453,573.192,11.8374,-3.58232
454,577.169,11.8734,-3.89248
455,581.174,11.9777,-4.46758
456,585.207,12.0016,-3.80832
457,589.267,11.8436,-4.05653
458,593.356,11.8625,-4.03878
459,597.473,11.9321,-3.40309
460,601.619,11.9764,-4.14836
461,605.793,12.0298,-4.06542
462,609.997,11.8773,-4.94021
463,614.229,11.8871,-4.42987
464,618.491,11.974,-3.5908
465,622.783,12.0126,-4.01185
466,627.104,11.9536,-2.82355
467,631.455,11.9413,-3.12664
468,635.836,11.8989,-4.01278
469,640.248,12.0561,-3.83344
470,644.691,12.0396,-4.38296
471,649.164,12.1559,-5.43842
472,653.668,11.9844,-3.34603
473,658.204,12.0455,-3.55013
474,662.771,12.0289,-4.12487
475,667.37,11.8404,-5.42152
476,672,11.9382,-3.35653
477,676.663,11.9985,-3.40732
478,681.358,12.0344,-3.89415
479,686.086,12.0781,-4.69769
480,690.846,12.0598,-6.13498
481,695.64,12.089,-3.52497
482,700.467,12.1712,-4.27839
483,705.327,12.0745,-4.15939
484,710.221,12.038,-5.33121
485,715.149,12.014,-3.59541
486,720.111,12.0153,-3.72515
487,725.108,12.0797,-3.99789
488,730.139,12.0949,-5.63189
489,735.205,12.0454,-5.43781
490,740.306,11.9621,-5.39495
491,745.443,12.1754,-5.8084
492,750.615,11.9316,-6.60876
493,755.824,11.8827,-6.36293
494,761.068,11.8527,-5.8547
495,766.349,11.9201,-5.6762
496,771.666,11.9271,-7.04298
497,777.021,11.8262,-6.69355
498,782.412,11.76,-6.13765
499,787.841,11.7606,-5.24027
500,793.307,11.8906,-5.07337
501,798.812,11.9135,-5.60375
502,804.355,11.7158,-6.20245
503,809.936,11.7231,-4.93994
504,815.556,11.819,-4.61475
505,821.214,11.8342,-4.96797
506,826.912,11.9718,-5.6374
507,832.65,11.9026,-6.00584
508,838.428,11.7204,-7.06646
509,844.245,11.9742,-4.61082
510,850.103,11.8885,-4.61735
511,856.002,12.0231,-6.61456
512,861.941,11.9134,-6.49212
513,867.922,11.8684,-6.28741
514,873.944,11.6507,-6.60494
515,880.008,12.0527,-6.86942
516,886.114,11.8289,-7.64639
517,892.262,11.9292,-7.22237
518,898.453,11.8271,-7.04961
519,904.687,11.7996,-6.70186
520,910.965,12.0019,-6.26661
521,917.286,12.013,-7.11607
522,923.65,11.7619,-8.00431
523,930.059,11.7266,-7.66964
524,936.513,11.6649,-7.25906
525,943.011,11.6679,-6.36719
526,949.554,11.7397,-6.45841
527,956.142,11.825,-5.59542
528,962.777,11.54,-7.17667
529,969.457,11.5488,-6.79529
530,976.184,11.6355,-5.4795
531,982.957,11.771,-5.62102
532,989.778,11.8176,-6.18883
533,996.645,11.7796,-6.50254
534,1003.56,11.8267,-6.69308
535,1010.52,11.7451,-6.77342
536,1017.54,11.7156,-6.49962
537,1024.6,11.8004,-7.40852
538,1031.71,11.6736,-7.23158
539,1038.86,11.7182,-6.97911
540,1046.07,11.6687,-7.28228
541,1053.33,11.7327,-7.26092
542,1060.64,11.7263,-6.74363
543,1068,11.5877,-6.84329
544,1075.41,11.6392,-7.0014
545,1082.87,11.6151,-6.95937
546,1090.38,11.6185,-6.64381
547,1097.95,11.6315,-6.9823
548,1105.57,11.5709,-7.33779
549,1113.24,11.6398,-7.17128
550,1120.96,11.614,-7.07666
551,1128.74,11.6416,-7.07229
552,1136.57,11.5594,-7.09672
553,1144.46,11.5283,-7.20831
554,1152.4,11.5631,-7.72955
555,1160.4,11.5939,-7.1562
556,1168.45,11.5878,-7.5299
557,1176.56,11.5908,-7.46562
558,1184.72,11.658,-7.11161
559,1192.94,11.5585,-7.59508
560,1201.22,11.5931,-7.13042
561,1209.55,11.5804,-7.81379
562,1217.95,11.5685,-7.46361
563,1226.4,11.4456,-7.89256
564,1234.91,11.4769,-7.18595
565,1243.47,11.5581,-7.55683
566,1252.1,11.5688,-7.05636
567,1260.79,11.5009,-6.98811
568,1269.54,11.4933,-7.57284
569,1278.35,11.4389,-7.51159
570,1287.22,11.4477,-7.20117
571,1296.15,11.3979,-7.44532
572,1305.14,11.4419,-7.28251
573,1314.2,11.385,-7.52335
574,1323.32,11.4521,-7.18827
575,1332.5,11.3806,-7.41264
576,1341.74,11.411,-7.32445
577,1351.05,11.4037,-7.1541
578,1360.43,11.3834,-7.25919
579,1369.87,11.3221,-7.54485
580,1379.37,11.3689,-7.49327
581,1388.94,11.2736,-7.06526
582,1398.58,11.3137,-7.48612
583,1408.29,11.3922,-7.16599
584,1418.06,11.375,-7.32765
585,1427.9,11.3287,-7.174
586,1437.8,11.3641,-7.30989
587,1447.78,11.3402,-7.27216
588,1457.83,11.3197,-7.11908
589,1467.94,11.3097,-7.15204
590,1478.13,11.2595,-6.98007
591,1488.38,11.3025,-7.13297
592,1498.71,11.2278,-7.0996
593,1509.11,11.403,-7.01893
594,1519.58,11.2924,-7.27262
595,1530.12,11.199,-6.8569
596,1540.74,11.2786,-7.64869
597,1551.43,11.3138,-6.24105
598,1562.2,11.2787,-7.29927
599,1573.04,11.2396,-7.31402
600,1583.95,11.2468,-7.04927
601,1594.94,11.1608,-6.56348
602,1606.01,11.3257,-6.4355
603,1617.15,11.2128,-6.4483
604,1628.37,11.2189,-7.13664
605,1639.67,11.2123,-6.44959
606,1651.05,11.2515,-6.78694
607,1662.5,11.222,-6.68605
608,1674.04,11.2028,-7.02046
609,1685.66,11.1706,-6.83411
610,1697.35,11.2782,-6.61981
611,1709.13,11.2211,-6.88427
612,1720.99,11.1985,-6.40162
613,1732.93,11.2123,-6.58573
614,1744.95,11.1856,-6.91116
615,1757.06,11.1599,-6.20852
616,1769.25,11.1842,-6.56753
617,1781.53,11.1248,-6.61261
618,1793.89,11.1264,-6.49393
619,1806.34,11.1527,-7.00506
620,1818.87,11.1966,-5.63761
621,1831.49,11.1938,-5.92085
622,1844.2,11.1173,-6.08391
623,1857,11.2172,-6.22515
624,1869.88,11.1827,-6.40555
625,1882.86,11.1858,-6.09279
626,1895.92,11.1829,-6.07778
627,1909.07,11.1773,-6.62038
628,1922.32,11.1656,-5.99372
629,1935.66,11.1317,-6.04017
630,1949.09,11.1335,-6.47759
631,1962.61,11.1683,-5.43895
632,1976.23,11.1961,-6.0723
633,1989.94,11.137,-5.05834
634,2003.75,11.2449,-6.40281
635,2017.66,11.2488,-5.70561
636,2031.65,11.117,-5.51808
637,2045.75,11.3311,-6.36532
638,2059.95,11.2055,-5.41211
639,2074.24,11.2005,-5.48035
640,2088.63,11.1929,-4.80635
641,2103.12,11.2046,-5.09427
642,2117.72,11.234,-5.08479
643,2132.41,11.2406,-5.36278
644,2147.21,11.1994,-5.08692
645,2162.11,11.3047,-5.66605
646,2177.11,11.3362,-5.65716
647,2192.21,11.232,-5.11073
648,2207.42,11.2485,-5.03178
649,2222.74,11.1693,-5.66862
650,2238.16,11.1618,-5.03033
651,2253.69,11.1196,-4.41957
652,2269.33,11.2721,-4.65322
653,2285.08,11.2208,-4.74554
654,2300.93,11.3795,-5.24727
655,2316.9,11.3303,-4.37243
656,2332.97,11.1746,-4.90454
657,2349.16,11.2992,-4.79216
658,2365.46,11.348,-4.72118
659,2381.88,11.1794,-3.62455
660,2398.4,11.2906,-4.94401
661,2415.04,11.1793,-4.27135
662,2431.8,11.3703,-3.989
663,2448.67,11.3073,-3.93442
664,2465.66,11.3914,-4.19657
665,2482.77,11.361,-3.65705
666,2500,11.3828,-4.09867
667,2517.35,11.3458,-4.65719
668,2534.81,11.4815,-3.37377
669,2552.4,11.4038,-4.20835
670,2570.11,11.5527,-3.39977
671,2587.94,11.3706,-3.87328
672,2605.9,11.3719,-3.00629
673,2623.98,11.438,-4.0489
674,2642.19,11.3645,-3.9751
675,2660.52,11.4678,-3.80113
676,2678.98,11.4006,-3.7759
677,2697.57,11.52,-3.72206
678,2716.29,11.4069,-3.32998
679,2735.14,11.5563,-3.33743
680,2754.11,11.4711,-3.48948
681,2773.22,11.5771,-3.708
682,2792.47,11.5778,-2.98999
683,2811.84,11.5861,-3.32076
684,2831.35,11.7108,-3.29601
685,2851,11.6517,-3.83615
686,2870.78,11.5937,-3.83912
687,2890.7,11.6147,-2.89567
688,2910.76,11.6179,-3.58642
689,2930.95,11.7311,-3.07822
690,2951.29,11.876,-2.72105
691,2971.77,11.7683,-3.19231
692,2992.39,11.7983,-2.28981
693,3013.15,11.7378,-3.24138
694,3034.06,11.8642,-2.1235
695,3055.11,11.7406,-3.11332
696,3076.31,11.8525,-3.26215
697,3097.66,11.9026,-3.26187
698,3119.15,11.89,-2.7857
699,3140.79,11.8448,-2.12244
700,3162.58,11.9358,-3.26999
701,3184.53,11.9278,-2.03503
702,3206.62,11.9502,-2.27806
703,3228.87,11.931,-3.53629
704,3251.28,12.1171,-2.86964
705,3273.84,12.0575,-2.49544
706,3296.55,12.1538,-3.09602
707,3319.43,12.1234,-2.74805
708,3342.46,12.2819,-3.21838
709,3365.65,12.0488,-2.17663
710,3389,12.1654,-2.75248
711,3412.52,12.1979,-3.43339
712,3436.2,12.2901,-2.82023
713,3460.04,12.3482,-3.41137
714,3484.05,12.3552,-2.16535
715,3508.22,12.3534,-2.33851
716,3532.56,12.2939,-3.01107
717,3557.08,12.3327,-2.93683
718,3581.76,12.5782,-2.87999
719,3606.61,12.4944,-2.9648
720,3631.63,12.5215,-2.63202
721,3656.83,12.6309,-3.14053
722,3682.21,12.5277,-2.70784
723,3707.76,12.7472,-3.17228
724,3733.48,12.5195,-2.60514
725,3759.39,12.6794,-2.47075
726,3785.47,12.625,-3.07934
727,3811.74,12.7678,-3.57034
728,3838.19,12.7935,-2.04767
729,3864.82,12.8027,-1.47289
730,3891.64,12.8517,-1.65467
731,3918.64,12.889,-2.47
732,3945.83,12.8356,-3.17876
733,3973.21,12.9953,-2.87817
734,4000.78,13.1119,-3.71704
735,4028.54,12.9361,-2.8798
736,4056.49,13.0747,-2.24982
737,4084.63,13.289,-3.45395
738,4112.98,13.2312,-3.07709
739,4141.51,13.2129,-3.0598
740,4170.25,13.1917,-1.36258
741,4199.19,13.2684,-1.74644
742,4228.32,13.4267,-3.14208
743,4257.66,13.6027,-2.29586
744,4287.2,13.3559,-2.20799
745,4316.95,13.6003,-2.88472
746,4346.91,13.545,-2.6621
747,4377.07,13.5589,-2.24271
748,4407.44,13.6294,-3.1797
749,4438.02,13.7105,-3.08455
750,4468.81,13.614,-2.7092
751,4499.82,13.83,-2.67106
752,4531.04,13.8817,-3.00884
753,4562.48,13.897,-4.05645
754,4594.14,14.0894,-2.64484
755,4626.02,14.0431,-3.89274
756,4658.12,14.2548,-2.57606
757,4690.44,14.1001,-2.57597
758,4722.98,14.2804,-3.96021
759,4755.75,14.3923,-3.78003
760,4788.75,14.4888,-2.90274
761,4821.98,14.3748,-3.92812
762,4855.44,14.5989,-4.43182
763,4889.13,14.5813,-4.78287
764,4923.05,14.8271,-4.6453
765,4957.21,14.7154,-3.9896
766,4991.61,14.8899,-4.33549
767,5026.24,14.8572,-5.07229
768,5061.12,15.0479,-4.02187
769,5096.23,15.1219,-4.32716
770,5131.59,15.321,-5.12161
771,5167.2,15.308,-3.94564
772,5203.05,15.3703,-5.36836
773,5239.16,15.4153,-5.12095
774,5275.51,15.6518,-5.2464
775,5312.11,15.6642,-6.30545
776,5348.97,15.7427,-5.89147
777,5386.09,15.868,-5.58054
778,5423.46,15.781,-5.41554
779,5461.09,15.9705,-6.55224
780,5498.98,16.036,-5.70472
781,5537.14,16.2174,-6.17195
782,5575.56,16.4109,-5.66898
783,5614.24,16.4223,-6.41136
784,5653.2,16.5507,-7.36963
785,5692.43,16.7318,-7.28582
786,5731.92,16.9979,-7.52472
787,5771.69,16.9323,-8.06705
788,5811.74,17.1571,-8.30099
789,5852.07,17.3501,-8.13803
790,5892.67,17.4289,-8.16894
791,5933.56,17.4438,-9.12912
792,5974.73,17.7416,-9.86526
793,6016.19,17.905,-9.98993
794,6057.93,18.0337,-10.4038
795,6099.97,18.1455,-10.231
796,6142.29,18.416,-11.3649
797,6184.91,18.5145,-11.9386
798,6227.83,18.741,-12.2004
799,6271.04,18.9678,-12.034
800,6314.55,19.2468,-13.1007
801,6358.36,19.3137,-14.6006
802,6402.48,19.5237,-15.272
803,6446.91,19.7243,-15.9746
804,6491.64,20.0355,-16.5023
805,6536.68,20.2608,-17.1789
806,6582.04,20.5019,-19.0255
807,6627.71,20.657,-20.4481
808,6673.7,20.9987,-21.2205
809,6720,21.0793,-22.5887
810,6766.63,21.3133,-25.0304
811,6813.58,21.6213,-26.6797
812,6860.86,21.9004,-28.3118
813,6908.46,22.1638,-30.9751
814,6956.4,22.3928,-33.1896
815,7004.67,22.8134,-35.9275
816,7053.27,23.0105,-37.5553
817,7102.21,23.4214,-40.8975
818,7151.49,23.6268,-44.9162
819,7201.11,23.9369,-46.9803
820,7251.08,24.1885,-50.897
821,7301.39,24.5388,-53.9543
822,7352.05,24.6892,-58.7993
823,7403.06,24.7553,-62.9587
824,7454.43,24.8621,-67.9817
825,7506.15,24.9009,-72.8843
826,7558.24,25.1351,-75.3492
827,7610.68,24.8609,-79.7198
828,7663.49,24.9791,-83.4451
829,7716.66,24.8162,-88.3753
830,7770.21,24.7635,-90.4774
831,7824.12,24.8143,-94.6841
832,7878.41,24.5494,-97.2632
833,7933.07,24.286,-100.057
834,7988.12,24.1505,-104.401
835,8043.55,23.8395,-107.011
836,8099.36,23.8156,-109.693
837,8155.56,23.6407,-112.121
838,8212.14,23.3981,-115.462
839,8269.12,22.8592,-117.621
840,8326.5,22.7498,-119.595
841,8384.28,22.5965,-121.108
842,8442.45,22.222,-124.652
843,8501.03,22.0008,-124.941
844,8560.02,21.523,-127.318
845,8619.41,21.4255,-129.258
846,8679.22,21.1347,-131.306
847,8739.44,20.8391,-133.139
848,8800.08,20.6574,-134.127
849,8861.14,20.1828,-136.006
850,8922.62,19.943,-137.644
851,8984.53,19.8765,-139.269
852,9046.87,19.4691,-141.258
853,9109.65,19.2203,-141.137
854,9172.86,18.846,-142.532
855,9236.5,18.5749,-145.156
856,9300.59,18.3681,-145.124
857,9365.13,18.0262,-145.591
858,9430.11,17.8437,-147.276
859,9495.54,17.5404,-148.643
860,9561.42,17.1781,-149.87
861,9627.77,17.1036,-150.114
862,9694.57,16.5548,-151.854
863,9761.84,16.3545,-153.389
864,9829.57,16.22,-152.646
865,9897.78,15.8481,-153.109
866,9966.45,15.6645,-154.196
867,10035.6,15.4128,-153.791
868,10105.2,14.9793,-155.222
869,10175.4,14.8179,-155.474
870,10246,14.6442,-155.634
871,10317.1,14.3283,-157.323
872,10388.6,14.2188,-157.028
873,10460.7,13.9536,-158.179
874,10533.3,13.6401,-158.628
875,10606.4,13.3027,-158.585
876,10680,12.9421,-159.112
877,10754.1,13.025,-160.417
878,10828.7,12.6675,-159.795
879,10903.8,12.4652,-158.936
880,10979.5,12.317,-159.021
881,11055.7,12.0463,-162.252
882,11132.4,11.6984,-160.475
883,11209.6,11.9431,-161.263
884,11287.4,11.2655,-162.73
885,11365.7,11.1386,-161.88
886,11444.6,10.962,-158.125
887,11524,10.7698,-159.924
888,11604,10.4302,-163.013
889,11684.5,10.0025,-164.061
890,11765.6,10.1013,-162.663
891,11847.2,10.2822,-161.942
892,11929.4,9.53291,-162.501
893,12012.2,9.14105,-163.824
894,12095.5,9.42235,-160.794
895,12179.5,8.84773,-162.219
896,12264,9.16378,-163.249
897,12349.1,8.72927,-165.533
898,12434.7,8.42241,-163.744
899,12521,8.3445,-162.904
900,12607.9,8.15019,-164.762
901,12695.4,7.91995,-164.366
902,12783.5,7.7601,-165.583
903,12872.2,7.73481,-166.06
904,12961.5,7.54222,-164.894
905,13051.4,7.24212,-165.652
906,13142,7.17237,-164.609
907,13233.2,6.91747,-164.975
908,13325,6.74937,-164.426
909,13417.4,6.50627,-164.229
910,13510.5,6.39572,-165.571
911,13604.3,6.15124,-164.134
912,13698.7,6.06023,-165.713
913,13793.7,5.95056,-165.724
914,13889.4,5.44365,-163.714
915,13985.8,5.2369,-166.512
916,14082.9,5.25417,-166.387
917,14180.6,5.09437,-166.356
918,14279,4.84683,-165.471
919,14378,4.90068,-164.514
920,14477.8,4.60516,-166.029
921,14578.3,4.26063,-166.205
922,14679.4,4.49944,-168.828
923,14781.3,4.23855,-166.549
924,14883.8,4.01669,-164.96
925,14987.1,3.8598,-167.779
926,15091.1,3.62352,-168.033
927,15195.8,3.63691,-166.041
928,15301.2,3.3479,-169.661
929,15407.4,3.3802,-165.476
930,15514.3,2.98059,-167.433
931,15622,2.88473,-166.12
932,15730.4,2.49818,-167.501
933,15839.5,2.40775,-167.321
934,15949.4,2.87105,-166.112
935,16060.1,2.60625,-167.153
936,16171.5,2.00551,-166.199
937,16283.7,2.09047,-168.365
938,16396.7,1.87961,-165.078
939,16510.5,1.58714,-165.922
940,16625,1.7193,-169.05
941,16740.4,1.16597,-169.228
942,16856.6,0.81892,-169.267
943,16973.5,1.00944,-171.004
944,17091.3,1.25294,-166.97
945,17209.9,0.857443,-167.291
946,17329.3,0.55644,-170.606
947,17449.5,0.415525,-166.732
948,17570.6,0.484255,-166.84
949,17692.5,0.348493,-168.987
950,17815.3,0.520025,-168.986
951,17938.9,-0.160488,-168.569
952,18063.4,-0.489146,-168.599
953,18188.7,-0.531977,-164.496
954,18314.9,-0.180177,-166.931
955,18442,-0.749944,-169.667
956,18570,-0.826201,-169.474
957,18698.8,-0.729965,-167.793
958,18828.6,-0.512599,-169.229
959,18959.2,-1.19523,-167.454
960,19090.7,-0.88171,-168.985
961,19223.2,-1.14493,-166.55
962,19356.6,-1.42004,-168.434
963,19490.9,-0.630583,-166.467
964,19626.1,-2.38198,-166.649
965,19762.3,-1.23044,-164.201
966,19899.4,-1.42437,-169.855
967,20037.5,-2.54309,-166.91
968,20176.6,-2.43113,-171.564
969,20316.5,-2.44984,-169.563
970,20457.5,-3.02264,-171.295
971,20599.5,-2.37927,-169.436
972,20742.4,-2.1112,-166.971
973,20886.3,-2.53084,-168.448
974,21031.2,-3.69118,-173.528
975,21177.2,-2.48125,-165.771
976,21324.1,-3.31112,-163.017
977,21472.1,-3.89102,-171.904
978,21621.1,-3.70587,-168.593
979,21771.1,-3.12101,-168.657
980,21922.1,-4.09232,-172.889
981,22074.2,-3.71861,-164.166
982,22227.4,-3.0061,-166.833
983,22381.6,-4.36355,-172.316
984,22536.9,-4.04022,-175.231
985,22693.3,-3.98556,-163.185
986,22850.8,-4.32534,-167.276
987,23009.3,-4.39376,-171.78
988,23169,-4.50414,-170.425
989,23329.7,-4.81161,-174.035
990,23491.6,-5.35396,-167.774
991,23654.6,-5.00338,-169.48
992,23818.8,-4.05317,-168.574
993,23984,-6.03023,-178.172
994,24150.4,-6.53901,-170.993
995,24318,-5.76645,-164.657
996,24486.7,-5.5416,-179.877
997,24656.6,-6.49564,-166.989
998,24827.7,-5.73006,-172.395
999,25000,-5.75129,-169.917
